title,price,star_rating,availability,category
It's Only the Himalayas,Â£45.17,2,In stock,Travel
Full Moon over Noahâs Ark: An Odyssey to Mount Ararat and Beyond,Â£49.43,4,In stock,Travel
See America: A Celebration of Our National Parks & Treasured Sites,Â£48.87,3,In stock,Travel
Vagabonding: An Uncommon Guide to the Art of Long-Term World Travel,Â£36.94,2,In stock,Travel
Under the Tuscan Sun,Â£37.33,3,In stock,Travel
A Summer In Europe,Â£44.34,2,In stock,Travel
The Great Railway Bazaar,Â£30.54,1,In stock,Travel
A Year in Provence (Provence #1),Â£56.88,4,In stock,Travel
The Road to Little Dribbling: Adventures of an American in Britain (Notes From a Small Island #2),Â£23.21,1,In stock,Travel
Neither Here nor There: Travels in Europe,Â£38.95,3,In stock,Travel
"1,000 Places to See Before You Die",Â£26.08,5,In stock,Travel
Sharp Objects,Â£47.82,4,In stock,Mystery
"In a Dark, Dark Wood",Â£19.63,1,In stock,Mystery
The Past Never Ends,Â£56.50,4,In stock,Mystery
A Murder in Time,Â£16.64,1,In stock,Mystery
The Murder of Roger Ackroyd (Hercule Poirot #4),Â£44.10,4,In stock,Mystery
The Last Mile (Amos Decker #2),Â£54.21,2,In stock,Mystery
That Darkness (Gardiner and Renner #1),Â£13.92,1,In stock,Mystery
Tastes Like Fear (DI Marnie Rome #3),Â£10.69,1,In stock,Mystery
A Time of Torment (Charlie Parker #14),Â£48.35,5,In stock,Mystery
A Study in Scarlet (Sherlock Holmes #1),Â£16.73,2,In stock,Mystery
Poisonous (Max Revere Novels #3),Â£26.80,3,In stock,Mystery
Murder at the 42nd Street Library (Raymond Ambler #1),Â£54.36,4,In stock,Mystery
Most Wanted,Â£35.28,3,In stock,Mystery
Hide Away (Eve Duncan #20),Â£11.84,1,In stock,Mystery
Boar Island (Anna Pigeon #19),Â£59.48,3,In stock,Mystery
The Widow,Â£27.26,2,In stock,Mystery
Playing with Fire,Â£13.71,3,In stock,Mystery
What Happened on Beale Street (Secrets of the South Mysteries #2),Â£25.37,5,In stock,Mystery
The Bachelor Girl's Guide to Murder (Herringford and Watts Mysteries #1),Â£52.30,5,In stock,Mystery
Delivering the Truth (Quaker Midwife Mystery #1),Â£20.89,4,In stock,Mystery
The Mysterious Affair at Styles (Hercule Poirot #1),Â£24.80,4,In stock,Mystery
In the Woods (Dublin Murder Squad #1),Â£38.38,2,In stock,Mystery
The Silkworm (Cormoran Strike #2),Â£23.05,5,In stock,Mystery
The Exiled,Â£43.45,3,In stock,Mystery
The Cuckoo's Calling (Cormoran Strike #1),Â£19.21,1,In stock,Mystery
Extreme Prey (Lucas Davenport #26),Â£25.40,3,In stock,Mystery
Career of Evil (Cormoran Strike #3),Â£24.72,2,In stock,Mystery
The No. 1 Ladies' Detective Agency (No. 1 Ladies' Detective Agency #1),Â£57.70,4,In stock,Mystery
The Girl You Lost,Â£12.29,5,In stock,Mystery
The Girl In The Ice (DCI Erika Foster #1),Â£15.85,3,In stock,Mystery
Blood Defense (Samantha Brinkman #1),Â£20.30,3,In stock,Mystery
1st to Die (Women's Murder Club #1),Â£53.98,1,In stock,Mystery
Tipping the Velvet,Â£53.74,1,In stock,Historical Fiction
Forever and Forever: The Courtship of Henry Longfellow and Fanny Appleton,Â£29.69,3,In stock,Historical Fiction
A Flight of Arrows (The Pathfinders #2),Â£55.53,5,In stock,Historical Fiction
The House by the Lake,Â£36.95,1,In stock,Historical Fiction
Mrs. Houdini,Â£30.25,5,In stock,Historical Fiction
The Marriage of Opposites,Â£28.08,4,In stock,Historical Fiction
Glory over Everything: Beyond The Kitchen House,Â£45.84,3,In stock,Historical Fiction
"Love, Lies and Spies",Â£20.55,2,In stock,Historical Fiction
A Paris Apartment,Â£39.01,4,In stock,Historical Fiction
Lilac Girls,Â£17.28,2,In stock,Historical Fiction
The Constant Princess (The Tudor Court #1),Â£16.62,3,In stock,Historical Fiction
The Invention of Wings,Â£37.34,1,In stock,Historical Fiction
World Without End (The Pillars of the Earth #2),Â£32.97,4,In stock,Historical Fiction
The Passion of Dolssa,Â£28.32,5,In stock,Historical Fiction
Girl With a Pearl Earring,Â£26.77,1,In stock,Historical Fiction
Voyager (Outlander #3),Â£21.07,5,In stock,Historical Fiction
The Red Tent,Â£35.66,5,In stock,Historical Fiction
The Last Painting of Sara de Vos,Â£55.55,2,In stock,Historical Fiction
The Guernsey Literary and Potato Peel Pie Society,Â£49.53,1,In stock,Historical Fiction
Girl in the Blue Coat,Â£46.83,2,In stock,Historical Fiction
Between Shades of Gray,Â£20.79,5,In stock,Historical Fiction
While You Were Mine,Â£41.32,5,In stock,Historical Fiction
The Secret Healer,Â£34.56,3,In stock,Historical Fiction
Starlark,Â£25.83,3,In stock,Historical Fiction
Lost Among the Living,Â£27.70,4,In stock,Historical Fiction
A Spy's Devotion (The Regency Spies of London #1),Â£16.97,5,In stock,Historical Fiction
